{
    "name":"Doc",
    "collectionName":"Doc",
    "type":"wcType",
    "wcType":"wt.doc.WTDocument",
    "description":"Doc",
    "operations":"CREATE,UPDATE,DELETE,READ",
    "attributes":[
        {    
         "name":"Name",
         "internalName":"name",
         "type":"String"
        }, {      
         "name":"Number",
         "internalName":"number",
         "type":"String"
        }, {
         "name":"Description",
         "internalName":"description",
         "type":"String"
        }, {
         "name":"Title",
         "internalName":"title",
         "type":"String"
        }, {
         "name":"Identity",
         "internalName":"displayIdentity",
         "type":"String",
         "readOnly":true
        }     
    ],
    "inherits":[
        {
            "name": "contentHolder"
        }, {
            "name": "versioned"
        }, {
            "name": "contextManaged"
        }, {
            "name": "lifecycleManaged"
        }, {
            "name": "workable"
        }, {
            "name": "representable"
        }, {
            "name": "organizationOwned"
        }, {
            "name": "foldered"
        }
    ],
    "navigations":[],
    "functions":[],
    "actions":[]    
}
