{
    "name":"Document",
    "collectionName":"Document",
    "type":"wcType",
    "wcType":"wt.doc.WTDocument",
    "description":"Document",
    "operations":"CREATE,UPDATE,DELETE",
    "attributes":[
        {    
         "name":"Name",
         "internalName":"name",
         "type":"String"
        }, {      
         "name":"Number",
         "internalName":"number",
         "type":"String"
        }, {
         "name":"Description",
         "internalName":"description",
         "type":"String"
        }, {
         "name":"Title",
         "internalName":"title",
         "type":"String"
        }, {
         "name":"Identity",
         "internalName":"identity",
         "type":"String",
         "readOnly":true
        }, {      
         "name":"GeneralStatus",
         "internalName":"statusFamily_General",
         "type":"PTC.Icon",
         "readOnly":true          
        }, {      
         "name":"ShareStatus",
         "internalName":"statusFamily_Share",
         "type":"PTC.Icon",
         "readOnly":true          
        }, {      
         "name":"ChangeStatus",
         "internalName":"statusFamily_Change",
         "type":"PTC.Icon",
         "readOnly":true          
        }          
    ],
    "inherits":[
        {
            "name": "contentHolder"
        }, {
            "name": "versioned"
        }, {
            "name": "contextManaged"
        }, {
            "name": "lifecycleManaged"
        }, {
            "name": "workable"
        }, {
            "name": "representable"
        }, {
            "name": "organizationOwned"
        }, {
            "name": "foldered"
        }
    ],
    "navigations":[],
    "functions":[],
    "actions":[]    
}
