{
"name": "ProblemReport",
"collectionName": "ProblemReports",
"type": "wcType",
"wcType": "wt.change2.WTChangeIssue",
"description": "Problem Report",
"operations": "READ",
"attributes": [
{"name": "Name", "internalName": "name", "type": "String"},
{"name": "Number", "internalName": "number", "type": "String"},
{"name": "Priority", "internalName": "theIssuePriority", "type": "String"},
{"name": "Category", "internalName": "theCategory", "type": "String"},
{"name": "OccurrenceDate", "internalName": "occurrenceDate", "type": "DateTimeOffset"},
{"name": "NeedDate", "internalName": "needDate", "type": "DateTimeOffset"}
],
"navigations": [
{"name": "ReportedAgainst", "target": "ChangeableItems", "type": "ChangeableItem",
"containsTarget": true, "isCollection": true}
],
"inherits": [
{"name": "lifecycleManaged"}
]
}