{
    "name":"Rep",
    "collectionName":"Rep",
    "type":"wcType",
    "wcType":"wt.fc.WTObject",
    "description":"Rep",
    "operations": "READ",
	"isCollection":true,
    "attributes":[
	{
      "name": "RepName",
      "type": "String"
    },
	{
      "name": "AnnotationName",
      "type": "String"
    },
	{
      "name": "LockedBy",
      "type": "String"
    },
	{
      "name": "Owner",
      "type": "String"
    },
	{
      "name": "Modified Date",
      "type": "DateTimeOffset"
    },
	{
      "name": "Description",
      "type": "String"
    },
	{
      "name": "CopyForward",
      "type": "String"
    },
	
	{
      "name": "CreoViewURL",
      "type": "String"
    },
	
	{
      "name": "Thumbnail",
      "type": "String",
      "internalName": "thumbnailAttribute"
    },
    ],
    "inherits":[
        {
            "name": "representable"
        }
    ], 
    "navigations":[],
    "functions":[],
    "actions":[]
}
