{
    "name":"ChangeableObjects",
    "collectionName":"ChangeableObjects",
    "type":"wcType",
    "wcType":"wt.change2.Changeable2",
    "description":"Input ChangeableObjects",
    "operations":"READ",
	"parent": {
      "name": "ChangeableItem"
    },
	"includeInServiceDocument": true,
    "attributes":[
		{    
         "name":"Name",
         "internalName":"name",
         "type":"String"
        }
    ],
    "inherits":[],
    "navigations":[
		{
         "name":"Representations",
         "target":"Rep",
         "type":"Rep",
         "isCollection":true,
         "containsTarget":true
		}
	],
    "functions":[
		{
			  "name": "getDefaultCreoViewURL",
			  "description": "getDefaultCreoViewURL Function",
			  "parameters": [
				{
				  "name": "ChangeableObjects",
				  "type": "ChangeableObjects",
				  "isNullable": false,
				  "isCollection": false
				}
			  ],
			  "returnType": {
				"type": "String",
				
			  }
			
		}
	],
    "actions":[]
}
