{
    "name":"Rep",
    "collectionName":"Rep",
    "type":"wcType",
    "wcType":"wt.viewmarkup.DerivedImage",
    "description":"Rep",
    "operations": "READ",
    "attributes":[
	{
      "name": "RepName",
      "type": "String",
    },
	{
      "name": "Thumbnail",
      "type": "String",
    },
	{
      "name": "Description",
      "type": "String",
    },
	{
      "name": "CreoViewURL",
      "type": "String",
    },
	{
      "name": "Details",
      "type": "String",
    },
	{
      "name": "Owner",
      "type": "String",
    },
	{
      "name": "Thumbnail",
      "type": "String",
    }
    ],
    "inherits":[
		{
            "name": "contentHolder"
        },
		{
            "name": "contextManaged"
        },
        {
            "name": "representation"
        }
    ], 
    "navigations":[
		{
			 "name":"Annotations",
			 "target":"Annotations",
			 "type":"Annotations",
			 "isCollection":true,
			 "containsTarget":true
		}
	],
    "functions":[],
    "actions":[]
}
