{
  "imports": [
    { "name": "PTC", "version": "1"},
    { "name": "DocMgmt", "version": "1"},
    { "name": "ProdMgmt", "version": "1"},
    { "name": "DataAdmin", "version": "1"},
    { "name": "PrincipalMgmt", "version": "1"}
    
  ],
  "functions":[
		{
            "name": "TestFunction",
            "importName": "TestFunction",
            "description": "TestFunction Description",
            "returnType": {
                "type": "String"
            }
        }
		
	],
  "actions": []
}
