{
  "imports": [
    { "name": "PTC", "version": "2"},
    { "name": "DocMgmt", "version": "3"},
    { "name": "ProdMgmt", "version": "3"},
    { "name": "DataAdmin", "version": "3"},
    { "name": "Visualization", "version": "1"},
    { "name": "PrincipalMgmt", "version": "3"}
    
  ],
  "functions": [{
		  "name":"fetchDocument",
		  "importName":"fetchDocument",
		  "description":"Function to create new WTDOC",
  }],
  "actions": [],
		  "returnType": 
			{
				"type": "Doc",
				"isNullable":false,
				"isCollection":false
			}
		}
  
  ]
}
