<?xml version="1.0" encoding="UTF-8"?>
<!DOCTYPE listofactions SYSTEM "actions.dtd">
<listofactions>
	<!-- Below Code for Executing Document Secondary Attachment Validate -->
	<objecttype class="wt.doc.WTDocument" name="document" resourceBundle="com.ptc.windchill.enterprise.doc.documentResource">
		<action ajax="row" dtiUpload="true" name="create" uicomponent="CREATE_DOC">
			<command class="ext.formProcesser.DocumentModification" method="execute" onClick="validateCreateLocation(event)" windowType="popup"/>
			<includeFilter name="projectM4D"/>
			<includeFilter name="showNewActionPreValidation"/>
		</action>
	</objecttype>
	<!-- Below Code for Executing Document Attribute Validate -->
	<objecttype class="wt.doc.WTDocument" name="document" resourceBundle="com.ptc.windchill.enterprise.doc.documentResource">
		<action ajax="row" dtiUpload="true" name="create" uicomponent="CREATE_DOC">
			<command class="ext.formProcesser.DocumentAttCheck" method="execute" onClick="validateCreateLocation(event)" windowType="popup"/>
			<includeFilter name="projectM4D"/>
			<includeFilter name="showNewActionPreValidation"/>
		</action>
	</objecttype>
	<!-- Below Code for Executing ProblemReport Validate -->
	<objecttype class="wt.change2.WTChangeIssue" name="problemReport" resourceBundle="com.ptc.windchill.enterprise.change2.changeManagementActionsRB">
		<action ajax="component" name="create" uicomponent="CREATE_PROBLEMREPORT">
			<description>
				Create a problem report
			</description>
			<command class="ext.formProcesser.ProblemReportValidator" method="execute" windowType="popup"/>
			<includeFilter name="OptionSetLocalRuleContextFilter"/>
			<includeFilter name="restrictGuestMembers"/>
			<includeFilter name="sandboxSharingValidationSimple"/>
			<includeFilter name="manAuthorized"/>
			<includeFilter name="adminLockModifyChangeObjectsFilter"/>
		</action>
	</objecttype>
	<objecttype class="wt.part.WTPart" name="part" resourceBundle="com.ptc.windchill.enterprise.part.partResource">
		<action ajax="row" name="createPartWizard" uicomponent="CREATE_PART">
			<command class="ext.formProcesser.PartModification" method="execute" onClick="validateCreateLocation(event)" url="/netmarkets/jsp/part/createPartWizard.jsp?revisionMode=create&amp;showNewCADDocStep=true&amp;hideAssociatePart=true" windowType="popup"/>
			<includeFilter name="showNewActionPreValidation"/>
		</action>
	</objecttype>
	<!-- Below Code for QUICKLINK -->
	<objecttype class="wt.fc.Persistable" name="cHelp">
		<action name="thingworx">
			<label>
				Thingworx
			</label>
			<command class="" method="" windowType="popup"/>
		</action>
	</objecttype>
	<!-- Below Code for CustomizeTab -->
	<objecttype name="custom" resourceBundle="com.ptc.core.ui.navigationRB">
		<action name="wellcomepage">
			<label>
				Create Wizard
			</label>
			<command url="netmarkets/jsp/createWizard/createDocumentSetAttributesWizStep.jsp" windowType="page"/>
		</action>
	</objecttype>
	
	<!-- Below Code are Customize Action for part detail page -->
	<objecttype name="uploadMOF">
		<action name="UploadMOF">
			<label>Upload MOF</label>
			<command url="netmarkets/jsp/custom/uploadmof.jsp" windowType="popup"/>
		</action>
	</objecttype>
	
	D:\ptc\Windchill_11.0\Windchill\codebase\netmarkets\jsp\custom
	
</listofactions>
