{
  "name": "GetTaskAndPromotionRequestDetails",
  "description": "Windchill Promotion request Details",
  "collectionName": "GetTaskAndPromotionRequestDetails",
  "type": "wcType",
  "wcType": "wt.workflow.work.WorkItem",
  "attributes": [
  
      {
      "name": "Task",
      "type": "String"
    },
    {
      "name": "Name",
      "type": "String",
      "internalName": "name"
    },
	{
	"name":"Subject",
	"type":"String"
	},
	 {
      "name": "Instructions",
      "type": "String",
      "internalName": "instructions"
    },
	{
	   "name": "Process",
      "type": "String"
	},
	{
	   "name": "ProcessInitiator",
      "type": "String"
	},
	{
	   "name": "ProcessInitiatedOn",
      "type": "DateTimeOffset"
	},
		 {
      "name": "Assignee",
      "type": "String",
      "internalName": "assignedTo"
    },
		{
      "name": "Role",
      "type": "String"
    },
	{
		"name": "Priority",
		"type": "String"
	},
	{
      "name": "Deadline",
      "type": "DateTimeOffset",
      "internalName": "workitem_deadline"
    },
	{
      "name": "Status",
      "type": "String"
    },
	{
      "name": "Comments",
      "type": "String"
    },
		{
      "name": "RoutingOptions",
      "type": "String"
    },
    {
      "name": "PromotionNoticeOID",
      "type": "String"
      
    },
	 {
      "name": "PromotionNoticeNumber",
      "type": "String"
      
    },
	 {
      "name": "PromotionNoticeName",
      "type": "String"
      },
	  {"name": "PromotionState",
	  "type": "String"	  
	  },	 	
   {
      "name": "Context",
      "type": "String"
    },
	{
      "name": "PRDescription",
      "type": "String"
    },
    {
      "name": "NeedBy",
      "type": "DateTimeOffset"
    }, {
      "name": "TeamTemplate",
      "type": "String"
    },{
      "name": "Folder",
      "type": "String"
    },
	{
      "name": "CreatedBy",
      "type": "String"
    },
	{
		"name": "LastModified",
		"type": "DateTimeOffset"
	},
	{
	   "name": "PromotionProcess",
      "type": "String"
	}
    
   
  ],
  "inherits": [
    {
      "name": "contextManaged"
    }
  ],
  "navigations": [ {
            "name": "Promotables",
            "target": "ChangeableItems",
            "type": "ChangeableItem",
            "isCollection": true,
            "containsTarget": true
        }],
  "functions": [ ],
  "actions": [ ]
}
