{
    "name":"PromotionRequestDetails",
    "collectionName":"PromotionRequestDetails",
    "type":"wcType",
    "wcType":"wt.maturity.PromotionNotice",
    "description":"Promotable",
     "attributes": [
       {
      "name": "PromotionNoticeNumber",
	  "internalName":"number",
      "type": "String"
      
    },
	 {
      "name": "PromotionNoticeName",
	  "internalName":"name",
      "type": "String"
      },
	  {"name": "PromotionState",
	  "type": "String"	  
	  },
	{
      "name": "Context",
      "type": "String"
    },
	{
      "name": "PRDescription",
      "type": "String"
    },
    {
      "name": "NeedBy",
      "type": "DateTimeOffset"
    },
	    {
      "name": "TeamTemplate",
      "type": "String"
    },
	{
      "name": "Folder",
      "type": "String"
    },
	{
      "name": "CreatedBy",
      "type": "String"
    },
	{
		"name": "LastModified",
		"type": "DateTimeOffset"
	}
    ],
    "inherits": [ ],
    "navigations": [
	        {
            "name": "Promotables",
            "target": "PromotionNoticePromotables",
            "type": "PromotionNoticeAndPromotables",
            "isCollection": true,
            "containsTarget": true
        }
	],
    "functions": [],
    "actions": []
}
