{
    "name": "PromotionNoticeAndPromotables",
    "collectionName": "PromotionNoticePromotables",
    "type": "wcType",
    "wcType": "wt.fc.WTObject",
    "description": "Promotion Request Promotables",
    "operations": "READ",
    "attributes": [
	
	{
	"name":"ObjType",
	"type": "String"
	},
    {
            "name": "Name",
            "internalName": "name",
            "type": "String"
    }, 
	{
            "name": "Number",
            "internalName": "number",
            "type": "String"
    },
	{
		    "name": "IterationInfo",
            "type": "String"
	},
	{
		    "name": "ObjType",
            "type": "String"
	},
	{
		"name": "contextName",
		"type":"String"
	},
	{
		    "name": "TargetState",
            "type": "String"
	},
	{
		    "name": "PromotionComments",
            "type": "String"
	}
    ],
    "inherits": [
        {
            "name": "contentHolder"
        },
		{
            "name": "contextManaged"
        }
	  ],
    "navigations": [],
    "functions": [],
    "actions": []
}
