{
    "name":"AllRepresentations",
    "collectionName":"AllRepresentations",
    "type":"wcType",
    "wcType":"wt.viewmarkup.DerivedImage",
    "description":"AllRepresentations",
    "operations":"READ",
	
    "attributes":[
		{      
         "name":"Name",
         "internalName":"name",
         "type":"String"
        }, {    
         "name":"Description",
         "internalName":"description",
         "type":"String"
        }, {      
         "name":"DefaultRepresentation",
         "internalName":"defaultRepresentation",
         "type":"Boolean"
        }, {      
         "name":"OutOfDate",
         "internalName":"outOfDate",
         "type":"Boolean"
        }, {    
         "name":"FormatName",
         "internalName":"formatName",
         "type":"String"
        }, {      
         "name":"BoundingBox",
         "internalName":"boundingBox",
         "isCollection":true,
         "type":"Double"
        }, {      
         "name":"HasBoundingBox",
         "internalName":"hasBoundingBox",
         "type":"Boolean"
        }, {      
         "name":"HasOctree",
         "internalName":"hasOctree",
         "type":"Boolean"
        }
    ],
    "inherits":[
		{
            "name": "representation"
        }
	],
    "navigations":[
		{
         "name":"AnnotationDetails",
         "target":"Annotations",
         "type":"Annotations",
         "isCollection":true,
         "containsTarget":true
		}
	],
    "functions":[],
    "actions":[]
}