{
    "name":"Annotations",
    "collectionName":"Annotations",
    "type":"wcType",
    "wcType":"wt.viewmarkup.WTMarkUp",
    "description":"Contains the Annotations for a given Derived Image",
    "operations": "READ",
    "attributes":[
	{
      "name": "AnnotationName",
      "type": "String",
    },
	{
      "name": "LockedBy",
      "type": "String",
    },
	{
      "name": "Owner",
      "type": "String",
    },
	{
      "name": "Details",
      "type": "String",
    },{
      "name": "Type",
      "type": "String",
    },
	{
      "name": "Description",
      "type": "String",
    },
	{
      "name": "CopyForward",
      "type": "String",
    }
    ],
    "inherits":[
		{
            "name": "contentHolder"
        },
		{
            "name": "contextManaged"
        },
        {
            "name": "representation"
        }
    ], 
    "navigations":[],
    "functions":[
		{
		  "name": "EnableCopyForward",
		  "description": "CopyForward Function",
		  "parameters": [
			{
			  "name": "WTMarkUp",
			  "type": "WTMarkUp",
			  "isNullable": false,
			  "isCollection": false
			}
		  ],
		  "returnType": {
			"type": "String",
			
		  }
		},
		{
		  "name": "DisableCopyForward",
		  "description": "DisableCopyForward Function",
		  "parameters": [
			{
			  "name": "WTMarkUp",
			  "type": "WTMarkUp",
			  "isNullable": false,
			  "isCollection": false
			}
		  ],
		  "returnType": {
			"type": "String",
			
		  }
		}
	],
    "actions":[]
}
