{
    "name":"ChangeTask",
    "collectionName":"ChangeTasks",
    "type":"wcType",
    "wcType":"wt.change2.WTChangeActivity2",
    "description":"ChangeTasks",
    "parent": {
      "name": "ChangeItem"
    },
    "includeInServiceDocument": true,
    "operations": "READ",
    "attributes": [
        {
          "name":"Complexity",
          "internalName":"complexity",
          "type":"String"
        },
        {      
          "name":"Assignee",
          "internalName":"ROLE_ASSIGNEE",
          "type":"String"          
        },
        {      
          "name":"Reviewer",
          "internalName":"ROLE_REVIEWER",
          "type":"String"          
        },
        {      
          "name":"ReviewRequired",
          "internalName":"reviewRequired",
          "type":"Boolean"  
        },
        {      
          "name":"NeedDate",
          "internalName":"needDate",
          "type":"DateTimeOffset"  
        },
        {      
          "name":"ResolutionDate",
          "internalName":"resolutionDate",
          "type":"DateTimeOffset"  
        }
    ],
    "inherits": [
        {
            "name": "contextManaged"
        }
    ],
    "navigations": [
        {
            "name": "AffectedItems",
            "target": "ChangeableItems",
            "type": "ChangeableItem",
            "isCollection": true,
            "containsTarget": true
        },
        {
            "name": "ResultingItems",
            "target": "ChangeableItems",
            "type": "ChangeableItem",
            "isCollection": true,
            "containsTarget": true
        }
    ],
    "functions": [],
    "actions": []
}
