{
    "name":"ChangeableItem",
    "collectionName":"ChangeableItems",
    "type":"wcType",
    "wcType":"wt.change2.Changeable2",
    "description":"Changeable Items",
    "includeInServiceDocument": true,
    "attributes": [
        {    
         "name":"Name",
         "internalName":"name",
         "type":"String"
        }, {      
         "name":"Number",
         "internalName":"number",
         "type":"String"
        }
    ],
    "inherits": [
        { "name": "versioned" }
    ],
    "navigations": [],
    "functions": [],
    "actions": []
}
