{
    "name": "User",
    "collectionName": "Users",
    "type": "wcType",
    "wcType": "wt.org.WTUser",
    "description": "Users",
    "parent": {
        "name": "Principals"
    },
    "includeInServiceDocument": true,
    "operations": "",
    "attributes": [
        // TODO: Some attributes require external format in order to retrieve values!
        {
            "name": "LastName",
            // "internalName": "last",
            "internalName": "MBA|last",
            "type": "String"
        }, {
            "name": "FullName",
            // "internalName": "fullName",
            "internalName": "MBA|fullName",
            "type": "String"
        }, {
            "name": "EMail",
            "internalName": "eMail",
            "type": "String"
        }, {
            "name": "FaxNumber",
            "internalName": "faxNumber",
            "type": "String"
        }, {
            "name": "TelephoneNumber",
            "internalName": "telephoneNumber",
            "type": "String"
        }, {
            "name": "PostalAddress",
            "internalName": "postalAddress",
            "type": "String"
        }, {
            "name": "WebSite",
            "internalName": "webSite",
            "type": "String"
        }, {
            "name": "OrganizationName",
            "internalName": "organizationName",
            "type": "String"
        }, {
            "name": "AlternateUserName1",
            "internalName": "alternateUserName1",
            "type": "String"
        }, {
            "name": "AlternateUserName2",
            "internalName": "alternateUserName2",
            "type": "String"
        }, {
            "name": "AlternateUserName3",
            "internalName": "alternateUserName3",
            "type": "String"
        }, {
            "name": "AlternateUserName4",
            "internalName": "alternateUserName4",
            "type": "String"
        }, {
            "name": "PersonalCabinetDomain",
            "internalName": "personalCabinetDomain",
            "type": "String"
        }, {
            "name": "UserPreferredLanguage",
            "internalName": "userPreferredLanguage",
            "type": "String"
        }, {
            "name": "AllowLDAPSynchronization",
            "internalName": "allowLDAPSynchronization",
            "type": "Boolean"
        }, {
            "name": "MobilePhoneNumber",
            "internalName": "mobilePhoneNumber",
            "type": "String"
        }, {
            "name": "UserDomain",
            "internalName": "userDomain",
            "type": "String"
        }
    ],
    "inherits": [],
    "navigations": [],
    "functions": [],
    "actions": []
}
