{
    "name":"Document",
    "collectionName":"EPMDocuments",
    "type":"wcType",
    "wcType":"wt.epm.EPMDocument",
    "description":"EPMDocuments",
    "operations":"CREATE,UPDATE,DELETE",
    "attributes":[
        {    
         "name":"Name",
         "internalName":"name",
         "type":"String"
        }, {      
         "name":"Number",
         "internalName":"number",
         "type":"String"
        }, {
         "name":"Description",
         "internalName":"description",
         "type":"String"
        }, {
         "name":"Title",
         "internalName":"title",
         "type":"String"
        }, {
         "name":"Identity",
         "internalName":"identity",
         "type":"String",
         "readOnly":true
        }, {      
         "name":"GeneralStatus",
         "internalName":"statusFamily_General",
         "type":"PTC.Icon",
         "readOnly":true          
        }, {      
         "name":"ShareStatus",
         "internalName":"statusFamily_Share",
         "type":"PTC.Icon",
         "readOnly":true          
        }, {      
         "name":"ChangeStatus",
         "internalName":"statusFamily_Change",
         "type":"PTC.Icon",
         "readOnly":true          
        }          
    ],
    "inherits":[
        {
            "name": "contentHolder"
        }, {
            "name": "versioned"
        }, {
            "name": "contextManaged"
        }, {
            "name": "lifecycleManaged"
        }, {
            "name": "workable"
        }, {
            "name": "representable"
        }, {
            "name": "organizationOwned"
        }, {
            "name": "foldered"
        }
    ],
    "navigations":[],
    "functions":[],
    "actions":[
        {
          "name":"uploadStage1Action",
          "description":"upload stage 1 bound action",
          "parameters": [
            {
              "name":"document",
              "type":"Document",
              "isNullable":false,
              "isCollection":false
            }, {
              "name":"noOfFiles",
              "type":"Int32",
              "isNullable":false,
              "isCollection":false
            }, {
              "name":"delegateName",
              "type":"String",
              "isNullable":true,
              "isCollection":false
            }
          ],          
          "returnType": {
              "type":"PTC.CacheDescriptor",
              "isCollection":true
          }
        },
                {
          "name":"uploadStage3Action",
          "description":"upload stage 3 bound action",
          "parameters": [
            {
              "name":"document",
              "type":"Document",
              "isNullable":false,
              "isCollection":false
            }, {
              "name":"contentInfo",
              "type":"ContentInfo",
              "isNullable":false,
              "isCollection":true
            }
          ],          
          "returnType": {
              "type":"PTC.ApplicationData",
              "isCollection":true
          }
        }
     ]    
}
