{
  "name": "GetMyPromotionTasksList",
  "description": "Promotion Tasks",
  "collectionName": "GetMyPromotionTasksList",
  "type": "wcType",
  "wcType": "wt.workflow.work.WorkItem",
  "parent": {
      "name": "WorkItem"
    },
	"includeInServiceDocument": true,
    "operations": "READ",
  "attributes": [
    {
      "name": "Name",
      "type": "String",
      "internalName": "name"
    },
	{
	"name":"WorkItemSubject",
	"type":"String"
	},
	{
	"name":"State",
	"type": "String",
	"internalName":  "state.state"
	},
	 {
      "name": "Deadline",
      "type": "DateTimeOffset",
      "internalName": "workitem_deadline"
    },
	 {
      "name": "Status",
      "type": "String"
    },	  
	{
      "name": "Assigned",
      "type": "DateTimeOffset"
    },
	 {
      "name": "AssignedTo",
      "type": "String",
      "internalName": "assignedTo"
    },
	{
      "name": "Context",
      "type": "String"
    },
	{
      "name": "Role",
      "type": "String"
    },
	
	{
      "name": "TaskNumber",
      "type": "String"
    },
	{
      "name": "PromotionNoticeNumber",
      "type": "String",
      "internalName": "number"
    }   
   
  ],
  "inherits": [ ],
  "navigations": [ ],
  "functions": [ ],
  "actions": [ ]
}
