{
    "name":"Rep",
    "collectionName":"Rep1",
    "type":"wcType",
    "wcType":"wt.representation.Representation",
    "description":"Rep",
	"parent": {
      "name": "Representations"
    },
	"includeInServiceDocument": true,
    "operations": "READ",
    "attributes":[
	{
      "name": "Thumbnail",
      "type": "String",
      "internalName": "thumbnailAttribute"
    }
    ],
    "inherits":[
        {
            "name": "representation"
        }
		
    ], 
    "navigations":[],
    "functions":[],
    "actions":[]
}
