{
  "name": "PromotionRequestTask",
  "description": "Windchill Promotion request",
  "collectionName": "PromotionRequestTasks",
  "type": "wcType",
  "wcType": "wt.workflow.work.WorkItem",
  "attributes": [
    {
      "name": "Name",
      "type": "String",
      "internalName": "name"
    },
	{
	"name":"Subject",
	"type":"String"
	},
	{
	"name":"State",
	"type": "String",
	"internalName":  "state.state"
	},
	 {
      "name": "Deadline",
      "type": "DateTimeOffset",
      "internalName": "workitem_deadline"
    },
	 {
      "name": "Status",
      "type": "String"
    },
	  
	  	 {
      "name": "Assigned",
      "type": "String"
    },
	 {
      "name": "AssignedTo",
      "type": "String",
      "internalName": "assignedTo"
    },
		   {
      "name": "Context",
      "type": "String"
    },
	{
      "name": "Role",
      "type": "String"
    },
	
	{
      "name": "TaskNumber",
      "type": "String"
    },
	 {
      "name": "PromotionNoticeNumber",
      "type": "String",
      "internalName": "number"
    }
    
   
  ],
  "inherits": [
    {
      "name": "contextManaged"
    }
  ],
  "navigations": [ ],
  "functions": [ ],
  "actions": [ ]
}
