{
    "name":"Objects",
    "collectionName":"Objects",
    "type":"wcType",
    "wcType":"wt.fc.WTObject",
    "description":"Input Objects",
    "operations":"READ",
    "attributes":[
		{      
         "name":"Number",
         "internalName":"number",
         "type":"String"
        }
    ],
    "inherits":[],
    "navigations":[
		{
         "name":"RepresentationDetails",
         "target":"Rep",
         "type":"Rep",
         "isCollection":true,
         "containsTarget":true
		}
	],
    "functions":[],
    "actions":[]
}
