{
  "name": "WorkItem",
  "description": "Windchill Work Item",
  "collectionName": "WorkItems",
  "type": "wcType",
  "wcType": "wt.workflow.work.WorkItem",
  "attributes": [
    {
      "name": "Name",
      "type": "String",
      "internalName": "name"
    },
	{
	"name":"Subject",
	"type":"String",
	"internalName":"workitem_pbolink"	
	},
    {
      "name": "Description",
      "type": "String",
      "internalName": "description"
    },
    {
      "name": "TypeIcon",
      "type": "PTC.Icon",
      "internalName": "type_icon"
    },
    {
      "name": "Deadline",
      "type": "DateTimeOffset",
      "internalName": "workitem_deadline"
    },
    {
      "name": "Instructions",
      "type": "String",
      "internalName": "instructions"
    },
    {
      "name": "Status",
      "type": "PTC.EnumType",
      "internalName": "status"
    },
    {
      "name": "Role",
      "type": "PTC.EnumType",
      "internalName": "role"
    },
    {
      "name": "AssignedTo",
      "type": "String",
      "internalName": "assignedTo"
    }
  ],
  "inherits": [
    {
      "name": "contextManaged"
    }
  ],
  "navigations": [
    {
      "name": "PrimaryBusinessObject",
      "target": "ChangeItems",
      "type": "ChangeItem",
      "isCollection": false,
      "containsTarget": true
    },
    {
      "name": "Assignee",
      "target": "Users",
      "type": "PTC.PrincipalMgmt.User",
      "isCollection": false,
      "containsTarget": true
    }
  ],
  "functions": [
    {
      "name": "GetRoutes",
      "description": "Get Routes From a WorkItem",
      "parameters": [
        {
          "name": "WorkItem",
          "type": "WorkItem",
          "isNullable": false,
          "isCollection": false
        }
      ],
      "returnType": {
        "type": "String",
        "isCollection": true
      }
    }
  ],
  "actions": [
    {
      "name": "CompleteTask",
      "description": "Complete a Workflow Task",
      "parameters": [
        {
          "name": "WorkItem",
          "type": "WorkItem",
          "isNullable": false,
          "isCollection": false
        },
        {
          "name": "Routes",
          "type": "String",
          "isNullable": true,
          "isCollection": true
        }
      ],
      "returnType": {
        "type": "WorkItem"
      }
    },
    {
      "name": "Comment",
      "description": "Comment on a Work Item",
      "parameters": [
        {
          "name": "WorkItem",
          "type": "WorkItem",
          "isNullable": false,
          "isCollection": false
        },
        {
          "name": "Comments",
          "type": "String",
          "isCollection": false
        }
      ],
      "returnType": {
        "type": "WorkItem"
      }
    },
    {
      "name": "SetVariable",
      "description": "Set a Variable on Work Item",
      "parameters": [
        {
          "name": "WorkItem",
          "type": "WorkItem",
          "isNullable": false,
          "isCollection": false
        },
        {
          "name": "Name",
          "type": "String",
          "isCollection": false
        },
        {
          "name": "Value",
          "type": "String",
          "isCollection": false
        }
      ],
      "returnType": {
        "type": "WorkItem"
      }
    }
  ]
}
