{
"name": "PromotionRequest",
  "description": "Windchill Promotion Requests",
  "collectionName": "PromotionRequests",
  "type": "wcType",
  "wcType": "wt.maturity.PromotionNotice",
 "attributes": [
 
    {
      "name": "Number",
      "type": "String",
      "internalName": "number"
    },
	 {
      "name": "Name",
      "type": "String",
      "internalName": "name"
    },
	{
      "name": "State",
      "type": "String",
      "internalName": "state.state"
    },
	{
      "name": "Description",
      "type": "String",
      "internalName": "description"
    },
	{
      "name": "Context",
      "type": "String",
      "internalName": "containerName"
    },
	{
      "name": "CreatedBy",
      "type": "String",
      "internalName": "creator"
    },
	{
      "name": "CreatedOn",
      "type": "String",
      "internalName": "thePersistInfo.createStamp"
    },
	{
      "name": "LastModified",
      "type": "String",
      "internalName": "thePersistInfo.createStamp"
    }
	
 
 ],
  "inherits": [
        {
            "name": "contentHolder"
        },
	{
      "name": "contextManaged"
    }
  ],
  "navigations": [],
  "functions": [],
   "actions": []
}