{
    "name":"Rep",
    "collectionName":"Rep",
    "type":"wcType",
    "wcType":"wt.fc.WTObject",
    "description":"Rep",
    "operations": "READ",
    "attributes":[
	{
      "name": "RepName",
      "type": "String",
    },
	{
      "name": "Thumbnail",
      "type": "String",
    },
	{
      "name": "Description",
      "type": "String",
    },
	{
      "name": "CreoViewURL",
      "type": "String",
    },
	{
      "name": "Thumbnail",
      "type": "String",
      "internalName": "thumbnailAttribute"
    }
    ],
    "inherits":[
		{
            "name": "contentHolder"
        },
		{
            "name": "contextManaged"
        },
        {
            "name": "representation"
        }
    ], 
    "navigations":[],
    "functions":[],
    "actions":[]
}
