{  
   "swagger":"2.0",
   "info":{  
      "description":"The API Spec for Domains in Windchill REST Services Module",
      "version":"1.0.0",
      "title":"Windchill REST Services API Spec"
   },
   "host":"bltsp00109.lnties.com/Windchill",
   "basePath":"/Windchill",
   "tags":[  
      {  
         "name":"Document Management Domain",
         "description":"APIs in the Document Management domain"
      },
      {  
         "name":"Product Management Domain",
         "description":"APIs in the Product Management domain"
      }
   ],
   "schemes":[  
      "http"
   ],
   "paths":{  
      "/DocMgmt/Documents('{DocId}')/Attachments":{  
         "post":{  
            "tags":[  
               "Document Management Domain"
            ],
            "summary":"Add a new attachment to the document",
            "description":"",
            "operationId":"CreateAttachmentForDocument",
            "consumes":[  
               "multipart/form-data"
            ],
            "produces":[  
               "application/xml",
               "application/json"
            ],
            "parameters":[  
               {  
                  "in":"path",
                  "name":"DocId",
                  "description":"Object identifier for the document",
                  "required":true,
                  "type":"string"
               },
               {  
                  "in":"formData",
                  "name":"File",
                  "description":"Encoded file content string",
                  "required":true,
                  "type":"file"
               }
            ],
            "responses":{  
               "201":{  
                  "schema":{  
                     "$ref":"#/definitions/ContentItem"
                  },
                  "description":"Success"
               },
               "404":{  
                  "schema":{  
                     "$ref":"#/definitions/Error"
                  },
                  "description":"Invalid input"
               },
               "500":{  
                  "schema":{  
                     "$ref":"#/definitions/Error"
                  },
                  "description":"Server error"
               }
            }
         },
         "get":{  
            "tags":[  
               "Document Management Domain"
            ],
            "summary":"Get a list of attachments of a document",
            "description":"",
            "operationId":"GetAttachmentsForDocument",
            "produces":[  
               "application/xml",
               "application/json"
            ],
            "parameters":[  
               {  
                  "in":"path",
                  "name":"DocId",
                  "description":"Object identifier for the document",
                  "required":true,
                  "type":"string"
               }
            ],
            "responses":{  
               "200":{  
                  "schema":{  
                     "type":"object",
                     "properties":{  
                        "@odata.context":{  
                           "type":"string"
                        },
                        "value":{  
                           "type":"array",
                           "items":{  
                              "$ref":"#/definitions/ContentItem"
                           }
                        }
                     }
                  },
                  "description":"Success"
               },
               "404":{  
                  "schema":{  
                     "$ref":"#/definitions/Error"
                  },
                  "description":"Invalid input"
               },
               "500":{  
                  "schema":{  
                     "$ref":"#/definitions/Error"
                  },
                  "description":"Server error"
               }
            }
         }
      },
      "/DocMgmt/Documents('{DocId}')/Attachments('{AttId}')":{  
         "put":{  
            "tags":[  
               "Document Management Domain"
            ],
            "summary":"Update an attachment of a document",
            "description":"",
            "operationId":"UpdateAttachmentForDocument",
            "consumes":[  
               "multipart/form-data"
            ],
            "produces":[  
               "application/xml",
               "application/json"
            ],
            "parameters":[  
               {  
                  "in":"path",
                  "name":"DocId",
                  "description":"Object identifier for the document",
                  "required":true,
                  "type":"string"
               },
               {  
                  "in":"path",
                  "name":"AttId",
                  "description":"Object identifier for the attachment",
                  "required":true,
                  "type":"string"
               },
               {  
                  "in":"formData",
                  "name":"File",
                  "description":"Encoded file content string",
                  "required":true,
                  "type":"file"
               }
            ],
            "responses":{  
               "201":{  
                  "schema":{  
                     "$ref":"#/definitions/ContentItem"
                  },
                  "description":"Success"
               },
               "400":{  
                  "schema":{  
                     "$ref":"#/definitions/Error"
                  },
                  "description":"Invalid input"
               },
               "404":{  
                  "schema":{  
                     "$ref":"#/definitions/Error"
                  },
                  "description":"Invalid input"
               },
               "500":{  
                  "schema":{  
                     "$ref":"#/definitions/Error"
                  },
                  "description":"Server error"
               }
            }
         },
         "delete":{  
            "tags":[  
               "Document Management Domain"
            ],
            "summary":"Delete an attachment of an document",
            "description":"",
            "operationId":"DeleteAttachmentForDocument",
            "produces":[  
               "application/xml",
               "application/json"
            ],
            "parameters":[  
               {  
                  "in":"path",
                  "name":"DocId",
                  "description":"Object identifier for the document",
                  "required":true,
                  "type":"string"
               },
               {  
                  "in":"path",
                  "name":"AttId",
                  "description":"Object identifier for the attachment",
                  "required":true,
                  "type":"string"
               }
            ],
            "responses":{  
               "204":{  
                  "description":"Success"
               },
               "404":{  
                  "schema":{  
                     "$ref":"#/definitions/Error"
                  },
                  "description":"Invalid input"
               },
               "500":{  
                  "schema":{  
                     "$ref":"#/definitions/Error"
                  },
                  "description":"Server error"
               }
            }
         }
      },
      "/DocMgmt/Documents('{DocId}')/PrimaryContent":{  
         "put":{  
            "tags":[  
               "Document Management Domain"
            ],
            "summary":"Add primary content to a document",
            "description":"",
            "operationId":"CreatePrimaryContentForDocument",
            "consumes":[  
               "multipart/form-data"
            ],
            "produces":[  
               "application/xml",
               "application/json"
            ],
            "parameters":[  
               {  
                  "in":"path",
                  "name":"DocId",
                  "description":"Object identifier for the document",
                  "required":true,
                  "type":"string"
               },
               {  
                  "in":"formData",
                  "name":"File",
                  "description":"Encoded file content string",
                  "required":true,
                  "type":"file"
               }
            ],
            "responses":{  
               "201":{  
                  "schema":{  
                     "$ref":"#/definitions/ContentItem"
                  },
                  "description":"Object Created"
               },
               "400":{  
                  "schema":{  
                     "$ref":"#/definitions/Error"
                  },
                  "description":"Invalid input"
               },
               "404":{  
                  "schema":{  
                     "$ref":"#/definitions/Error"
                  },
                  "description":"Not found"
               },
               "500":{  
                  "schema":{  
                     "$ref":"#/definitions/Error"
                  },
                  "description":"Server error"
               }
            }
         },
         "get":{  
            "tags":[  
               "Document Management Domain"
            ],
            "summary":"Get primary content of a document",
            "description":"",
            "operationId":"GetPrimaryContentForDocument",
            "produces":[  
               "application/xml",
               "application/json"
            ],
            "parameters":[  
               {  
                  "in":"path",
                  "name":"DocId",
                  "description":"Object identifier for the document",
                  "required":true,
                  "type":"string"
               }
            ],
            "responses":{  
               "200":{  
                  "schema":{  
                     "$ref":"#/definitions/ContentItem"
                  },
                  "description":"Success"
               },
               "404":{  
                  "schema":{  
                     "$ref":"#/definitions/Error"
                  },
                  "description":"Invalid input"
               },
               "500":{  
                  "schema":{  
                     "$ref":"#/definitions/Error"
                  },
                  "description":"Server error"
               }
            }
         }
      },
      "/DocMgmt/Documents('{DocId}')/Versions":{  
         "get":{  
            "tags":[  
               "Document Management Domain"
            ],
            "summary":"Get all versions of a document",
            "description":"",
            "operationId":"GetDocumentVersions",
            "produces":[  
               "application/xml",
               "application/json"
            ],
            "parameters":[  
               {  
                  "in":"path",
                  "name":"DocId",
                  "description":"Object identifier for the document",
                  "required":true,
                  "type":"string"
               }
            ],
            "responses":{  
               "200":{  
                  "schema":{  
                     "type":"object",
                     "properties":{  
                        "@odata.context":{  
                           "type":"string"
                        },
                        "value":{  
                           "type":"array",
                           "items":{  
                              "$ref":"#/definitions/Document"
                           }
                        }
                     }
                  },
                  "description":"Success"
               },
               "404":{  
                  "schema":{  
                     "$ref":"#/definitions/Error"
                  },
                  "description":"Invalid input"
               },
               "500":{  
                  "schema":{  
                     "$ref":"#/definitions/Error"
                  },
                  "description":"Server error"
               }
            }
         }
      },
      "/DocMgmt/Documents('{DocId}')/Revisions":{  
         "get":{  
            "tags":[  
               "Document Management Domain"
            ],
            "summary":"Get all revisions of a document",
            "description":"",
            "operationId":"GetDocumentRevisions",
            "produces":[  
               "application/xml",
               "application/json"
            ],
            "parameters":[  
               {  
                  "in":"path",
                  "name":"DocId",
                  "description":"Object identifier for the document",
                  "required":true,
                  "type":"string"
               }
            ],
            "responses":{  
               "200":{  
                  "schema":{  
                     "type":"object",
                     "properties":{  
                        "@odata.context":{  
                           "type":"string"
                        },
                        "value":{  
                           "type":"array",
                           "items":{  
                              "$ref":"#/definitions/Document"
                           }
                        }
                     }
                  },
                  "description":"Success"
               },
               "404":{  
                  "schema":{  
                     "$ref":"#/definitions/Error"
                  },
                  "description":"Invalid input"
               },
               "500":{  
                  "schema":{  
                     "$ref":"#/definitions/Error"
                  },
                  "description":"Server error"
               }
            }
         }
      },
      "/DocMgmt/GetEnumTypeConstraint(entityName='{EntityName}',propertyName='{PropertyName}')":{  
         "get":{  
            "tags":[  
               "Document Management Domain"
            ],
            "summary":"Get legal values for an Enumerated Type Constraint applied to an entity property",
            "description":"",
            "operationId":"GetDocEnumTypeConstraints",
            "produces":[  
               "application/xml",
               "application/json"
            ],
            "parameters":[  
               {  
                  "in":"path",
                  "name":"EntityName",
                  "description":"Name of the entity",
                  "required":true,
                  "type":"string"
               },
               {  
                  "in":"path",
                  "name":"PropertyName",
                  "description":"Name of the property",
                  "required":true,
                  "type":"string"
               }
            ],
            "responses":{  
               "200":{  
                  "schema":{  
                     "type":"array",
                     "items":{  
                        "$ref":"#/definitions/PTCEnumTypeConstraint"
                     }
                  },
                  "description":"Success"
               },
               "400":{  
                  "schema":{  
                     "$ref":"#/definitions/Error"
                  },
                  "description":"Invalid input"
               }
            }
         }
      },
      "/ProdMgmt/Parts('{PartId}')/Uses":{  
         "post":{  
            "tags":[  
               "Product Management Domain"
            ],
            "summary":"Add a new PartUse to a Part",
            "description":"",
            "operationId":"CreatePartUseForPart",
            "consumes":[  
               "application/json"
            ],
            "produces":[  
               "application/xml",
               "application/json"
            ],
            "parameters":[  
               {  
                  "in":"path",
                  "name":"PartId",
                  "description":"Object identifier for the part",
                  "required":true,
                  "type":"string"
               },
               {  
                  "in":"body",
                  "name":"PartUse",
                  "schema":{  
                     "$ref":"#/definitions/PartUse"
                  }
               }
            ],
            "responses":{  
               "201":{  
                  "schema":{  
                     "$ref":"#/definitions/PartUse"
                  },
                  "description":"Object created"
               },
               "404":{  
                  "schema":{  
                     "$ref":"#/definitions/Error"
                  },
                  "description":"Invalid input"
               }
            }
         },
         "get":{  
            "tags":[  
               "Product Management Domain"
            ],
            "summary":"Get PartUses for a Part",
            "description":"",
            "operationId":"GetPartUsesForPart",
            "produces":[  
               "application/xml",
               "application/json"
            ],
            "parameters":[  
               {  
                  "in":"path",
                  "name":"PartId",
                  "description":"Object identifier for the part",
                  "required":true,
                  "type":"string"
               }
            ],
            "responses":{  
               "200":{  
                  "schema":{  
                     "type":"object",
                     "properties":{  
                        "@odata.context":{  
                           "type":"string"
                        },
                        "value":{  
                           "type":"array",
                           "items":{  
                              "$ref":"#/definitions/PartUse"
                           }
                        }
                     }
                  },
                  "description":"Success"
               },
               "404":{  
                  "schema":{  
                     "$ref":"#/definitions/Error"
                  },
                  "description":"Invalid input"
               }
            }
         }
      },
      "/ProdMgmt/Parts('{PartId}')/Uses('{PartUseId}')":{  
         "patch":{  
            "tags":[  
               "Product Management Domain"
            ],
            "summary":"Update a PartUse for a Part",
            "description":"",
            "operationId":"UpdatePartUseForPart",
            "consumes":[  
               "application/json"
            ],
            "produces":[  
               "application/xml",
               "application/json"
            ],
            "parameters":[  
               {  
                  "in":"path",
                  "name":"PartId",
                  "description":"Object identifier for the part",
                  "required":true,
                  "type":"string"
               },
               {  
                  "in":"path",
                  "name":"PartUseId",
                  "description":"Object identifier for the PartUse",
                  "required":true,
                  "type":"string"
               },
               {  
                  "in":"body",
                  "name":"PartUse",
                  "schema":{  
                     "$ref":"#/definitions/PartUse"
                  }
               }
            ],
            "responses":{  
               "204":{  
                  "description":"Success"
               },
               "400":{  
                  "schema":{  
                     "$ref":"#/definitions/Error"
                  },
                  "description":"Invalid input"
               },
               "404":{  
                  "schema":{  
                     "$ref":"#/definitions/Error"
                  },
                  "description":"Invalid input"
               },
               "500":{  
                  "schema":{  
                     "$ref":"#/definitions/Error"
                  },
                  "description":"Server error"
               }
            }
         },
         "get":{  
            "tags":[  
               "Product Management Domain"
            ],
            "summary":"Get a PartUse for a Part",
            "description":"",
            "operationId":"GetPartUseForPart",
            "produces":[  
               "application/xml",
               "application/json"
            ],
            "parameters":[  
               {  
                  "in":"path",
                  "name":"PartId",
                  "description":"Object identifier for the part",
                  "required":true,
                  "type":"string"
               },
               {  
                  "in":"path",
                  "name":"PartUseId",
                  "description":"Object identifier for the PartUse",
                  "required":true,
                  "type":"string"
               }
            ],
            "responses":{  
               "200":{  
                  "schema":{  
                     "$ref":"#/definitions/PartUse"
                  },
                  "description":"Success"
               },
               "404":{  
                  "schema":{  
                     "$ref":"#/definitions/Error"
                  },
                  "description":"Invalid input"
               },
               "500":{  
                  "schema":{  
                     "$ref":"#/definitions/Error"
                  },
                  "description":"Server error"
               }
            }
         },
         "delete":{  
            "tags":[  
               "Product Management Domain"
            ],
            "summary":"Delete a PartUse for a Part",
            "description":"",
            "operationId":"DeletePartUseForPart",
            "produces":[  
               "application/xml",
               "application/json"
            ],
            "parameters":[  
               {  
                  "in":"path",
                  "name":"PartId",
                  "description":"Object identifier for the part",
                  "required":true,
                  "type":"string"
               },
               {  
                  "in":"path",
                  "name":"PartUseId",
                  "description":"Object identifier for the PartUse",
                  "required":true,
                  "type":"string"
               }
            ],
            "responses":{  
               "204":{  
                  "description":"Success"
               },
               "404":{  
                  "schema":{  
                     "$ref":"#/definitions/Error"
                  },
                  "description":"Invalid input"
               },
               "500":{  
                  "schema":{  
                     "$ref":"#/definitions/Error"
                  },
                  "description":"Server error"
               }
            }
         }
      },
      "/ProdMgmt/Parts('{PartId}')/Uses('{PartUseId}')/Occurrences":{  
         "post":{  
            "tags":[  
               "Product Management Domain"
            ],
            "summary":"Add a new PartUseOccurrence to a PartUse",
            "description":"",
            "operationId":"CreateOccurrenceForPartUse",
            "consumes":[  
               "application/json"
            ],
            "produces":[  
               "application/xml",
               "application/json"
            ],
            "parameters":[  
               {  
                  "in":"path",
                  "name":"PartId",
                  "description":"Object identifier for the Part",
                  "required":true,
                  "type":"string"
               },
               {  
                  "in":"path",
                  "name":"PartUseId",
                  "description":"Object identifier for the PartUse",
                  "required":true,
                  "type":"string"
               },
               {  
                  "in":"body",
                  "name":"UsageOccurrence",
                  "schema":{  
                     "$ref":"#/definitions/UsageOccurrence"
                  }
               }
            ],
            "responses":{  
               "201":{  
                  "schema":{  
                     "$ref":"#/definitions/UsageOccurrence"
                  },
                  "description":"Object created"
               },
               "400":{  
                  "schema":{  
                     "$ref":"#/definitions/Error"
                  },
                  "description":"Invalid input"
               },
               "404":{  
                  "schema":{  
                     "$ref":"#/definitions/Error"
                  },
                  "description":"Invalid input"
               },
               "500":{  
                  "schema":{  
                     "$ref":"#/definitions/Error"
                  },
                  "description":"Server error"
               }
            }
         },
         "get":{  
            "tags":[  
               "Product Management Domain"
            ],
            "summary":"Get UsageOccurrences for a PartUse",
            "description":"",
            "operationId":"GetUsageOccurrencesForPartUse",
            "produces":[  
               "application/xml",
               "application/json"
            ],
            "parameters":[  
               {  
                  "in":"path",
                  "name":"PartId",
                  "description":"Object identifier for the part",
                  "required":true,
                  "type":"string"
               },
               {  
                  "in":"path",
                  "name":"PartUseId",
                  "description":"Object identifier for the PartUse",
                  "required":true,
                  "type":"string"
               }
            ],
            "responses":{  
               "200":{  
                  "schema":{  
                     "type":"object",
                     "properties":{  
                        "@odata.context":{  
                           "type":"string"
                        },
                        "value":{  
                           "type":"array",
                           "items":{  
                              "$ref":"#/definitions/UsageOccurrence"
                           }
                        }
                     }
                  },
                  "description":"Success"
               },
               "400":{  
                  "schema":{  
                     "$ref":"#/definitions/Error"
                  },
                  "description":"Invalid input"
               },
               "404":{  
                  "schema":{  
                     "$ref":"#/definitions/Error"
                  },
                  "description":"Invalid input"
               },
               "500":{  
                  "schema":{  
                     "$ref":"#/definitions/Error"
                  },
                  "description":"Server error"
               }
            }
         }
      },
      "/ProdMgmt/Parts('{PartId}')/Uses('{PartUseId}')/Occurrences('{OccurrenceId}')":{  
         "patch":{  
            "tags":[  
               "Product Management Domain"
            ],
            "summary":"Update a UsageOccurrence for a PartUse",
            "description":"",
            "operationId":"UpdateUsageOccurrenceForPartUse",
            "consumes":[  
               "application/json"
            ],
            "produces":[  
               "application/xml",
               "application/json"
            ],
            "parameters":[  
               {  
                  "in":"path",
                  "name":"PartId",
                  "description":"Object identifier for the part",
                  "required":true,
                  "type":"string"
               },
               {  
                  "in":"path",
                  "name":"PartUseId",
                  "description":"Object identifier for the PartUse",
                  "required":true,
                  "type":"string"
               },
               {  
                  "in":"path",
                  "name":"OccurrenceId",
                  "description":"Object identifier for the UsageOccurrence",
                  "required":true,
                  "type":"string"
               },
               {  
                  "in":"body",
                  "name":"UsageOccurrence",
                  "schema":{  
                     "$ref":"#/definitions/UsageOccurrence"
                  }
               }
            ],
            "responses":{  
               "204":{  
                  "description":"Success"
               },
               "400":{  
                  "schema":{  
                     "$ref":"#/definitions/Error"
                  },
                  "description":"Invalid input"
               },
               "404":{  
                  "schema":{  
                     "$ref":"#/definitions/Error"
                  },
                  "description":"Invalid input"
               },
               "500":{  
                  "schema":{  
                     "$ref":"#/definitions/Error"
                  },
                  "description":"Server error"
               }
            }
         },
         "get":{  
            "tags":[  
               "Product Management Domain"
            ],
            "summary":"Get a UsageOccurrence for a PartUse",
            "description":"",
            "operationId":"GetUsageOccurrenceForPartUse",
            "produces":[  
               "application/xml",
               "application/json"
            ],
            "parameters":[  
               {  
                  "in":"path",
                  "name":"PartId",
                  "description":"Object identifier for the part",
                  "required":true,
                  "type":"string"
               },
               {  
                  "in":"path",
                  "name":"PartUseId",
                  "description":"Object identifier for the PartUse",
                  "required":true,
                  "type":"string"
               },
               {  
                  "in":"path",
                  "name":"OccurrenceId",
                  "description":"Object identifier for the UsageOccurrence",
                  "required":true,
                  "type":"string"
               }
            ],
            "responses":{  
               "200":{  
                  "schema":{  
                     "$ref":"#/definitions/UsageOccurrence"
                  },
                  "description":"Success"
               },
               "404":{  
                  "schema":{  
                     "$ref":"#/definitions/Error"
                  },
                  "description":"Invalid input"
               },
               "500":{  
                  "schema":{  
                     "$ref":"#/definitions/Error"
                  },
                  "description":"Server error"
               }
            }
         },
         "delete":{  
            "tags":[  
               "Product Management Domain"
            ],
            "summary":"Delete a PartUse for a Part",
            "description":"",
            "operationId":"DeleteUsageOccurrenceForPartUse",
            "produces":[  
               "application/xml",
               "application/json"
            ],
            "parameters":[  
               {  
                  "in":"path",
                  "name":"PartId",
                  "description":"Object identifier for the part",
                  "required":true,
                  "type":"string"
               },
               {  
                  "in":"path",
                  "name":"PartUseId",
                  "description":"Object identifier for the PartUse",
                  "required":true,
                  "type":"string"
               },
               {  
                  "in":"path",
                  "name":"OccurrenceId",
                  "description":"Object identifier for the UsageOccurrence",
                  "required":true,
                  "type":"string"
               }
            ],
            "responses":{  
               "204":{  
                  "description":"Success"
               },
               "404":{  
                  "schema":{  
                     "$ref":"#/definitions/Error"
                  },
                  "description":"Invalid input"
               },
               "500":{  
                  "schema":{  
                     "$ref":"#/definitions/Error"
                  },
                  "description":"Server error"
               }
            }
         }
      },
      "/ProdMgmt/Parts('{PartId}')/Versions":{  
         "get":{  
            "tags":[  
               "Product Management Domain"
            ],
            "summary":"Get all versions of a Part",
            "description":"",
            "operationId":"GetPartVersions",
            "produces":[  
               "application/xml",
               "application/json"
            ],
            "parameters":[  
               {  
                  "in":"path",
                  "name":"PartId",
                  "description":"Object identifier for the Part",
                  "required":true,
                  "type":"string"
               }
            ],
            "responses":{  
               "200":{  
                  "schema":{  
                     "type":"object",
                     "properties":{  
                        "@odata.context":{  
                           "type":"string"
                        },
                        "value":{  
                           "type":"array",
                           "items":{  
                              "$ref":"#/definitions/Part"
                           }
                        }
                     }
                  },
                  "description":"Success"
               },
               "404":{  
                  "schema":{  
                     "$ref":"#/definitions/Error"
                  },
                  "description":"Invalid input"
               },
               "500":{  
                  "schema":{  
                     "$ref":"#/definitions/Error"
                  },
                  "description":"Server error"
               }
            }
         }
      },
      "/ProdMgmt/Parts('{PartId}')/Revisions":{  
         "get":{  
            "tags":[  
               "Product Management Domain"
            ],
            "summary":"Get all revisions of a Part",
            "description":"",
            "operationId":"GetPartRevisions",
            "produces":[  
               "application/xml",
               "application/json"
            ],
            "parameters":[  
               {  
                  "in":"path",
                  "name":"PartId",
                  "description":"Object identifier for the Part",
                  "required":true,
                  "type":"string"
               }
            ],
            "responses":{  
               "200":{  
                  "schema":{  
                     "type":"object",
                     "properties":{  
                        "@odata.context":{  
                           "type":"string"
                        },
                        "value":{  
                           "type":"array",
                           "items":{  
                              "$ref":"#/definitions/Part"
                           }
                        }
                     }
                  },
                  "description":"Success"
               },
               "404":{  
                  "schema":{  
                     "$ref":"#/definitions/Error"
                  },
                  "description":"Invalid input"
               },
               "500":{  
                  "schema":{  
                     "$ref":"#/definitions/Error"
                  },
                  "description":"Server error"
               }
            }
         }
      },
      "/ProdMgmt/GetEnumTypeConstraint(entityName='{EntityName}',propertyName='{PropertyName}')":{  
         "get":{  
            "tags":[  
               "Product Management Domain"
            ],
            "summary":"Get legal values for an Enumerated Type Constraint applied to an entity property",
            "description":"",
            "operationId":"GetPartEnumTypeConstraints",
            "produces":[  
               "application/xml",
               "application/json"
            ],
            "parameters":[  
               {  
                  "in":"path",
                  "name":"EntityName",
                  "description":"Name of the entity",
                  "required":true,
                  "type":"string"
               },
               {  
                  "in":"path",
                  "name":"PropertyName",
                  "description":"Name of the property",
                  "required":true,
                  "type":"string"
               }
            ],
            "responses":{  
               "200":{  
                  "schema":{  
                     "type":"array",
                     "items":{  
                        "$ref":"#/definitions/PTCEnumTypeConstraint"
                     }
                  },
                  "description":"Success"
               },
               "400":{  
                  "schema":{  
                     "$ref":"#/definitions/Error"
                  },
                  "description":"Invalid input"
               }
            }
         }
      }
   },
   "definitions":{  
      "PTCIcon":{  
         "type":"object",
         "properties":{  
            "Path":{  
               "type":"string"
            },
            "Tooltip":{  
               "type":"string"
            }
         }
      },
      "PTCEnum":{  
         "type":"object",
         "properties":{  
            "Value":{  
               "type":"string"
            },
            "Display":{  
               "type":"string"
            }
         }
      },
      "PTCEnumTypeConstraint":{  
         "type":"object",
         "properties":{  
            "DefaultValue":{  
               "type":"string"
            },
            "LegalValues":{  
               "type":"array",
               "items":{  
                  "$ref":"#/definitions/PTCEnum"
               }
            }
         }
      },
      "ContentItem":{  
         "type":"object",
         "properties":{  
            "ID":{  
               "type":"string"
            },
            "Comments":{  
               "type":"string"
            },
            "Description":{  
               "type":"string"
            },
            "FormatIcon":{  
               "$ref":"#/definitions/PTCIcon"
            },
            "CreatedOn":{  
               "type":"string",
               "format":"date-time"
            },
            "LastModified":{  
               "type":"string",
               "format":"date-time"
            }
         }
      },
      "Document":{  
         "type":"object",
         "properties":{  
            "ID":{  
               "type":"string"
            },
            "Name":{  
               "type":"string"
            },
            "Number":{  
               "type":"string"
            },
            "Description":{  
               "type":"string"
            },
            "Title":{  
               "type":"string"
            },
            "Identity":{  
               "type":"string"
            },
            "GeneralStatus":{  
               "$ref":"#/definitions/PTCIcon"
            },
            "ShareStatus":{  
               "$ref":"#/definitions/PTCIcon"
            },
            "ChangeStatus":{  
               "$ref":"#/definitions/PTCIcon"
            },
            "CheckoutState":{  
               "type":"string"
            },
            "Comments":{  
               "type":"string"
            },
            "State":{  
               "$ref":"#/definitions/PTCEnum"
            },
            "LifeCycleTemplateName":{  
               "type":"string"
            },
            "VersionID":{  
               "type":"string"
            },
            "Revision":{  
               "type":"string"
            },
            "Version":{  
               "type":"string"
            },
            "Latest":{  
               "type":"boolean"
            },
            "FolderName":{  
               "type":"string"
            },
            "CabinetName":{  
               "type":"string"
            },
            "FolderLocation":{  
               "type":"string"
            },
            "CreatedOn":{  
               "type":"string",
               "format":"date-time"
            },
            "LastModified":{  
               "type":"string",
               "format":"date-time"
            }
         }
      },
      "Part":{  
         "type":"object",
         "properties":{  
            "ID":{  
               "type":"string"
            },
            "Name":{  
               "type":"string"
            },
            "Number":{  
               "type":"string"
            },
            "EndItem":{  
               "type":"boolean"
            },
            "TypeIcon":{  
               "$ref":"#/definitions/PTCIcon"
            },
            "Identity":{  
               "type":"string"
            },
            "GeneralStatus":{  
               "$ref":"#/definitions/PTCIcon"
            },
            "ShareStatus":{  
               "$ref":"#/definitions/PTCIcon"
            },
            "ChangeStatus":{  
               "$ref":"#/definitions/PTCIcon"
            },
            "Supersedes":{  
               "$ref":"#/definitions/PTCIcon"
            },
            "AssemblyMode":{  
               "$ref":"#/definitions/PTCEnum"
            },
            "DefaultUnit":{  
               "type":"string"
            },
            "DefaultTraceCode":{  
               "type":"string"
            },
            "Source":{  
               "type":"string"
            },
            "ConfigurableModule":{  
               "type":"string"
            },
            "GatheringPart":{  
               "type":"boolean"
            },
            "PhantomManufacturingPart":{  
               "type":"boolean"
            },
            "View":{  
               "type":"string"
            },
            "CheckoutState":{  
               "type":"string"
            },
            "Comments":{  
               "type":"string"
            },
            "State":{  
               "$ref":"#/definitions/PTCEnum"
            },
            "LifeCycleTemplateName":{  
               "type":"string"
            },
            "VersionID":{  
               "type":"string"
            },
            "Revision":{  
               "type":"string"
            },
            "Version":{  
               "type":"string"
            },
            "Latest":{  
               "type":"boolean"
            },
            "FolderName":{  
               "type":"string"
            },
            "CabinetName":{  
               "type":"string"
            },
            "FolderLocation":{  
               "type":"string"
            },
            "CreatedOn":{  
               "type":"string",
               "format":"date-time"
            },
            "LastModified":{  
               "type":"string",
               "format":"date-time"
            }
         }
      },
      "PartUse":{  
         "type":"object",
         "properties":{  
            "ID":{  
               "type":"string"
            },
            "Quantity":{  
               "type":"number",
               "format":"double"
            },
            "Unit":{  
               "$ref":"#/definitions/PTCEnum"
            },
            "LineNumber":{  
               "type":"integer",
               "format":"int16"
            },
            "FindNumber":{  
               "type":"string"
            },
            "TraceCode":{  
               "$ref":"#/definitions/PTCEnum"
            },
            "CreatedOn":{  
               "type":"string",
               "format":"date-time"
            },
            "LastModified":{  
               "type":"string",
               "format":"date-time"
            }
         }
      },
      "UsageOccurrence":{  
         "type":"object",
         "properties":{  
            "ID":{  
               "type":"string"
            },
            "ReferenceDesignator":{  
               "type":"string"
            },
            "Location":{  
               "$ref":"#/definitions/OccurrenceLocation"
            },
            "BuildStatus":{  
               "$ref":"#/definitions/PTCEnum"
            },
            "ComponentID":{  
               "type":"integer",
               "format":"int64"
            },
            "CreatedOn":{  
               "type":"string",
               "format":"date-time"
            },
            "LastModified":{  
               "type":"string",
               "format":"date-time"
            }
         }
      },
      "OccurrenceLocation":{  
         "type":"object",
         "properties":{  
            "PointX":{  
               "type":"number",
               "format":"double"
            },
            "PointY":{  
               "type":"number",
               "format":"double"
            },
            "PointZ":{  
               "type":"number",
               "format":"double"
            },
            "PointUnit":{  
               "type":"string"
            },
            "AngleX":{  
               "type":"number",
               "format":"double"
            },
            "AngleY":{  
               "type":"number",
               "format":"double"
            },
            "AngleZ":{  
               "type":"number",
               "format":"double"
            },
            "AngleUnit":{  
               "type":"string"
            }
         }
      },
      "BOM":{  
         "type":"object",
         "properties":{  
            "PartId":{  
               "type":"string"
            },
            "PartUseId":{  
               "type":"string"
            },
            "Part":{  
               "$ref":"#/definitions/Part"
            },
            "PartUse":{  
               "$ref":"#/definitions/PartUse"
            },
            "Occurrences":{  
               "type":"array",
               "items":{  
                  "$ref":"#/definitions/UsageOccurrence"
               }
            },
            "Components":{  
               "type":"array",
               "items":{  
                  "$ref":"#/definitions/BOM"
               }
            }
         }
      },
      "Error":{  
         "type":"object",
         "properties":{  
            "error":{  
               "type":"object",
               "properties":{  
                  "code":{  
                     "type":"string"
                  },
                  "message":{  
                     "type":"string"
                  }
               }
            }
         }
      }
   }
}