{
  "imports": [
    { "name": "PTC", "version": "1"},
    { "name": "DocMgmt", "version": "1"},
    { "name": "ProdMgmt", "version": "1"},
    { "name": "DataAdmin", "version": "1"},
    { "name": "PrincipalMgmt", "version": "1"},
	{ "name": "Yashul", "version": "1"},
	{ "name": "ChangeMgmt", "version": "1"},
	
    
  ],
  "functions": [],
  "actions": 
	[
		{
		  "name":"newChangeIssue",
		  "importName":"newChangeIssue",
		  "description":"Action to create new Problem Report",
		  "parameters":
			[
				{
				  "name":"name",
				  "type":"String",
				  "isNullable":false,
				  "isCollection":false
				},
				{
				  "name":"description",
				  "type":"String",
				  "isNullable":true,
				  "isCollection":false
				},
				{
				  "name":"organisation",
				  "type":"String",
				  "isNullable":false,
				  "isCollection":false
				},
				{
				  "name":"product",
				  "type":"String",
				  "isNullable":false,
				  "isCollection":false
				},
				{
				  "name":"affectedObjectId",
				  "type":"String",
				  "isNullable":true,
				  "isCollection":false
				},
				{
				  "name":"endItemId",
				  "type":"String",
				  "isNullable":true,
				  "isCollection":false
				},
				{
				  "name":"changeItemId",
				  "type":"String",
				  "isNullable":true,
				  "isCollection":false
				}
			],
		  "returnType": 
			{
				"type": "ChangeIssue",
				"isNullable":false,
				"isCollection":false
			}
		}
  
	]
}