{
    "name":"ChangeNotice",
    "collectionName":"ChangeNotices",
    "type":"wcType",
    "wcType":"wt.change2.WTChangeOrder2",
    "description":"Change Notices",
    "parent": {
      "name": "ChangeItem"
    },
    "includeInServiceDocument": true,
    "operations": "READ,CREATE,UPDATE",
    "attributes": [
        {
          "name":"Complexity",
          "internalName":"complexity",
          "type":"String"
        },
        {      
          "name":"CycleTime",
          "internalName":"cycleTime",
          "type":"DateTimeOffset"          
        },
        {      
          "name":"NeedDate",
          "internalName":"needDate",
          "type":"DateTimeOffset"  
        },
        {      
          "name":"ResolutionDate",
          "internalName":"resolutionDate",
          "type":"DateTimeOffset"  
        }
    ],
    "inherits": [
        {
            "name": "contentHolder"
        },
        {
            "name": "contextManaged"
        }
    ],
    "navigations": [
        {
            "name": "Tasks",
            "target": "ChangeTasks",
            "type": "ChangeTask",
            "isCollection": true,
            "containsTarget": true
        }
    ],
    "functions": [],
    "actions": []
}
