{
    "name":"ChangeItem",
    "collectionName":"ChangeItems",
    "type":"wcType",
    "wcType":"wt.change2.ChangeItem",
    "description":"Change Items",
    "includeInServiceDocument": false,
    "attributes": [
        {    
         "name":"Name",
         "internalName":"name",
         "type":"String"
        },
        {      
         "name":"Number",
         "internalName":"number",
         "type":"String"
        },
        {      
         "name":"Description",
         "internalName":"description",
         "type":"String"
        },
        {      
          "name":"TypeIcon",
          "internalName":"type_icon",
          "type":"PTC.Icon",
          "readOnly": true
        }
    ],
    "inherits": [
        {
            "name": "lifecycleManaged"
        }
    ]
}
