{
    "name":"ChangeRequest",
    "collectionName":"ChangeRequests",
    "type":"wcType",
    "wcType":"wt.change2.WTChangeRequest2",
    "description":"ChangeRequests",
    "parent": {
      "name": "ChangeItem"
    },
    "includeInServiceDocument": true,
    "operations": "READ",
    "attributes": [
        {
          "name":"Complexity",
          "internalName":"theComplexity",
          "type":"String"
        },
        {
          "name":"Category",
          "internalName":"theCategory",
          "type":"String"
        },
        {      
          "name":"RequestPriority",
          "internalName":"requestPriority",
          "type":"PTC.EnumType"          
        },
        {      
          "name":"NeedDate",
          "internalName":"needDate",
          "type":"DateTimeOffset"  
        },
        {      
          "name":"ResolutionDate",
          "internalName":"resolutionDate",
          "type":"DateTimeOffset"  
        },
        {      
          "name":"NonRecurringCost",
          "internalName":"nonRecurringCostEst",
          "type":"String"          
        },
        {      
          "name":"RecurringCost",
          "internalName":"recurringCostEst",
          "type":"String"         
        },
        {
          "name":"Subject",
          "internalName":"subject",
          "type":"String"         
        }
    ],
    "inherits": [
        {
            "name": "contentHolder"
        },
        {
            "name": "contextManaged"
        }
    ],
    "navigations": [
        {
            "name": "Notices",
            "target": "ChangeNotices",
            "type": "ChangeNotice",
            "isCollection": true,
            "containsTarget": true
        },
        {
            "name": "AffectedItems",
            "target": "ChangeableItems",
            "type": "ChangeableItem",
            "isCollection": true,
            "containsTarget": true
        }
    ],
    "functions": [],
    "actions": []
}
