{
    "name": "ChangeReference",
    "collectionName": "ChangeReferences",
    "type": "wcType",
    "wcType": "wt.change2.ChangeReferenceLink",
    "description": "An associated references link between ChangeItems",
    "operations": "READ",
    "includeInServiceDocument": false,
    "attributes": [
        {    
            "name":"Description",
            "internalName":"description",
            "type":"String"
        }, {    
            "name":"ApprovedQuantity",
            "internalName":"approvedQuantity",
            "type":"Double"
        }, {    
			 "name":"Name",
			 "internalName":"name",
			 "type":"String"
        }, {      
			 "name":"Number",
			 "internalName":"number",
			 "type":"String"
        }
    ],
    "navigations": []
}
