{
    "name": "Changeable",
    "collectionName": "Changeables",
    "type": "wcType",
    "wcType": "wt.change2.Changeable2",
    "description": "Changeable",
    "operations": "READ",
    "attributes": [
        {
            "name": "Name",
            "internalName": "name",
            "type": "String"
        }, {
            "name": "Number",
            "internalName": "number",
            "type": "String"
        }
    ],
    "inherits": [],
    "navigations": [],
    "functions": [],
    "actions": []
}
