{
    "name": "ChangeIssue",
    "collectionName": "ChangeIssues",
    "type": "wcType",
    "wcType": "wt.change2.WTChangeIssue",
    "description": "ChangeIssues",
    "operations": "READ,CREATE,UPDATE",
    "attributes": [
        {
            "name": "Name",
            "internalName": "name",
            "type": "String"
        }, {
            "name": "Number",
            "internalName": "number",
            "type": "String"
        }, {
            "name": "Description",
            "internalName": "description",
            "type": "String"
        }, {
            "name": "LongDescription",
            "internalName": "longDescription.formattedText",
            "type": "PTC.ECM.LongDescription",
        }, {
            "name": "Requester",
            "internalName": "requester",
            "type": "String"
        }, {
            "name":"Category",
            "internalName":"category",
            "type":"PTC.EnumType"
        }, {
            "name":"Priority",
            "internalName":"priority",
            "type":"PTC.EnumType"
        }, {
            "name":"NeedDate",
            "internalName":"needDate",
            "type":"DateTimeOffset"
        }, {
            "name":"Location",
            "internalName":"location",
            "type":"String"
        }
    ],
    "inherits": [
        {
            "name": "contentHolder"
        }, {
            "name": "versioned"
        }, {
            "name": "contextManaged"
        }
    ],
    "navigations": [
        {
            "name": "ReportedAgainsts",
            "target": "ReportedAgainsts",
            "type": "ReportedAgainst",
            "isCollection": true
        },
		{
            "name": "ProblemProducts",
            "target": "ProblemProducts",
            "type": "ProblemProduct",
            "isCollection": true
        },
		{
            "name": "ChangeReferences",
            "target": "ChangeReferences",
            "type": "ChangeReference",
            "isCollection": true
        }
    ],
    "functions": [],
    "actions": []
}
