{
    "name": "ProblemProduct",
    "collectionName": "ProblemProducts",
    "type": "wcType",
    "wcType": "wt.change2.ProblemProduct",
    "description": "An affected enditem link between a ChangeIssue and a Changeable2 that allows the user to identify product data issues",
    "operations": "READ",
    "includeInServiceDocument": false,
    "attributes": [
        {    
            "name":"Description",
            "internalName":"description",
            "type":"String"
        }, {    
            "name":"ApprovedQuantity",
            "internalName":"approvedQuantity",
            "type":"Double"
        }, {    
			 "name":"Name",
			 "internalName":"name",
			 "type":"String"
        }, {      
			 "name":"Number",
			 "internalName":"number",
			 "type":"String"
        }
    ],
    "navigations": []
}
