{
    "name": "ReportedAgainst",
    "collectionName": "ReportedAgainsts",
    "type": "wcType",
    "wcType": "wt.change2.ReportedAgainst",
    "description": "An affected object link between a ChangeIssue and a Changeable2 that allows the user to identify product data issues",
    "operations": "READ,CREATE,UPDATE,DELETE",
    "includeInServiceDocument": false,
    "attributes": [
        {    
            "name":"Description",
            "internalName":"description",
            "type":"String"
        }, {    
            "name":"ApprovedQuantity",
            "internalName":"approvedQuantity",
            "type":"Double"
        }, {    
			 "name":"Name",
			 "internalName":"name",
			 "type":"String"
        }, {      
			 "name":"Number",
			 "internalName":"number",
			 "type":"String"
        }
    ],
	"inherits": [
        {
            "name": "contentHolder"
        }, {
            "name": "versioned"
        }, {
            "name": "contextManaged"
        }
    ],
    "navigations": [
        {
            "name": "TheChangeIssue",
            "target": "ChangeIssues",
            "type": "ChangeIssue",
            "isCollection": false,
            "partner": ""
        }, {
            "name": "TheChangeable2",
            "target": "Changeables",
            "type": "Changeable",
            "isCollection": false,
            "partner": ""
        }
    ]
}
