{
  "imports": [
    { "name": "PTC", "version": "2"},
    { "name": "DocMgmt", "version": "3"},
    { "name": "ProdMgmt", "version": "3"},
    { "name": "DataAdmin", "version": "3"},
    { "name": "Visualization", "version": "1"},
    { "name": "PrincipalMgmt", "version": "3"}
    
  ],
  "functions": [],
  "actions": [{
		"name":"createSubtypeDocument",
		"importName":"createSubtypeDocument",
		"description":"Function to create new WTDOC in subtype",
		"parameters":
			[
				{
				  "name":"docName",
				  "type":"String",
				  "isNullable":false,
				  "isCollection":false
				},
				{
				  "name":"docNumber",
				  "type":"String",
				  "isNullable":true,
				  "isCollection":false
				},
				{
				  "name":"container",
				  "type":"String",
				  "isNullable":true,
				  "isCollection":false
				}
			],
		"returnType":{
			"type": "Doc",
			"isNullable":false,
			"isCollection":false
		}
  }]

}
